ID,Name,Category,Chain(s),URL
1359,CapitalDEX,Dexes,Curio | Ethereum,https://capitaldex.exchange/#/swap
1358,Kassandra DAO,Indexes,Avalanche,https://kassandra.finance
1357,ADAX Pro,Dexes,Cardano,https://dex.adax.pro
1356,Hubble,Lending,Solana,https://hubbleprotocol.io
1355,Knights of Fantom,Yield,Fantom,https://www.knights-of-fantom.com
1354,Dogs of Elon,Minting,Arbitrum | Ethereum,https://dogsofelon.io
1353,Kalmy App,Yield,Binance,https://kalmy.app
1352,Astral Financial,Yield,Moonbeam,https://astral.financial/#/moonbeam
1351,WigoSwap,Dexes,Fantom,https://wigoswap.io/
1350,TreasureDAO,Yield,Arbitrum,https://www.treasure.lol/
1349,Degen Haus,Dexes,Fantom,https://app.degen.haus/
1348,Athena Money,Algo-Stables,Moonriver,https://www.athenamoney.org/
1346,ThetaCash,Staking,Theta,https://tbill.io
1345,Moon Flower Farmers,Yield,Aurora,https://moonflowerfarmers.com/
1344,FATFIRE DEFI,Yield,Fantom,https://fatfire.finance/
1343,Devil Finance,Yield,Fantom,https://devilfinance.io/
1342,Croblanc,Yield,Cronos,https://app.croblanc.com/farms
1341,CryptoMate,Dexes,Stacks,https://cryptomate.me/
1340,IceCream Finance,Algo-Stables,Avalanche,https://icecreamfinance.app/
1339,API3,Oracle,Ethereum,https://api3.eth.link/#/
1338,Warp,Reserve Currency,Polygon,https://warp.bond/
1337,ViveLaBouje,Yield,Fantom,https://vive.bouje.finance
1336,Unizen,Services,Ethereum,https://www.unizen.io
1335,ShiroSwap,Dexes,Binance,https://shirotoken.com
1334,PearZap,Yield,Binance | Fantom | Polygon,https://app.pearzap.com
1333,Oceanus,Algo-Stables,Metis,https://oceanus.finance
1332,DNA Dollar,Algo-Stables,Cronos,https://dnadollar.com
1330,Beluga,Yield,Fantom,https://beluga.fi
1329,Spiral Finance,Yield Aggregator,Fantom,https://spiral.farm/
1328,Astral Farm,Yield,Fantom,https://astral-farm.com
1327,Astar dApps Staking,Staking,Astar,https://astar.network
1326,Snowtomb,Algo-Stables,Avalanche,https://snowtomb.com/
1325,Magik Finance,Algo-Stables,Fantom,https://magik.finance/
1324,FuryLabs Finance,Yield,Fantom,https://furylabsfinance.com
1323,Poopsicle,Yield,Fantom,https://www.poopsicle.wtf
1322,Alligator,Dexes,Avalanche,https://www.alligator.exchange/
1321,Comfy Money,Algo-Stables,Harmony,https://comfy.money
1320,Railgun,Privacy,Binance | Ethereum | Polygon,https://railgun.org
1319,Moneyrain Finance,Yield,Fantom,https://defimoneyrain.com
1318,Cesta Finance,Reserve Currency,Avalanche,https://cesta.finance
1317,UniverseFTM,Yield,Fantom,https://www.universe-swap.com
1316,Specter Finance,Algo-Stables,Fantom,https://specterfinance.xyz/
1315,NeoBurger,Staking,NEO,https://neoburger.io/home
1314,Shiden dApp Staking,Staking,Shiden,https://shiden.astar.network
1313,NoahArkDAO,Reserve Currency,Avalanche,https://noahark.money/#/
1312,Epsylon Finance,Yield,Fantom,https://www.epsylon.finance/
1311,Moremoney,Lending,Avalanche,https://moremoney.finance
1310,ZeroShift,Reserve Currency,Avalanche,https://www.zeroshift.io/
1309,Gaia DAO,Reserve Currency,Avalanche,https://gaiadao.money/
1308,Frog Nation Farm,Yield,Fantom,https://www.frognation.farm/
1307,0xDAO,Staking,Fantom,https://www.oxdao.fi
1306,ProtoFi,Yield,Fantom,https://fantombank.protofi.app/
1305,weBribe DAO,Staking,Fantom,https://webribe.me
1304,Buffer Finance,Options,Binance,https://www.buffer.finance
1303,Iron Bank,Lending,Avalanche | Ethereum | Fantom,https://ib.xyz
1302,SundaeSwap,Dexes,Cardano,https://www.sundaeswap.finance/
1301,ApeDAO,Yield,Fantom,https://vapedao.finance/
1300,Starstream,Yield Aggregator,Metis,https://starstream.finance
1299,FTMguru,Options,Fantom,https://ftm.guru
1298,Axion,Staking,Polygon,https://axion.network
1297,BloXmove,Services,Binance | Ethereum,https://bloxmove.com
1296,ZipSwap,Dexes,Arbitrum | Optimism,https://zipswap.fi/#/
1295,BurgerSwap,Dexes,Binance,https://burgerswap.org/trade/swap
1294,Hades Money,Algo-Stables,Metis,https://hades.money/
1293,Manhattan,Yield,Fantom,https://manhattan.finance
1292,Radial,Yield,Fantom,https://www.radialfinance.com
1291,Agora,Lending,Metis,https://agoradefi.io
1290,Grape Finance,Algo-Stables,Avalanche,https://grapefinance.app/
1289,BeamSwap,Dexes,Moonbeam,https://beamswap.io
1288,Mover,Yield,Ethereum,https://viamover.com
1287,Crafting Finance,Synthetics,Aurora | Ethereum,https://crafting.finance
1286,OmniDex,Dexes,Telos,https://home.omnidex.finance
1285,Alphadex,Dexes,Moonriver,https://alphadex.io
1284,Paladin DAO,Reserve Currency,Binance,https://www.paladindao.com/
1283,Bent Finance,Yield,Ethereum,https://app.bentfinance.com
1282,Rubic,Cross Chain,Avalanche | Binance | Ethereum | Fantom | Harmony | Moonriver | Polygon | Solana,https://rubic.exchange
1281,veDAO,Yield,Fantom,https://www.vedao.io/
1280,Tornado Finance,Yield,Binance | Ethereum | Polygon,https://tornado.finance
1279,Tulip,Algo-Stables,Oasis,https://tulip.money/
1278,YieldWolf,Yield,Avalanche | Binance | Celo | Cronos | Fantom | Harmony | Polygon,https://yieldwolf.finance
1277,Paprprintr,Algo-Stables,Aurora | Binance | Fantom | Kucoin | OKExChain | Polygon,https://paprprintr.finance
1276,KCCguru,Prediction Market,Kucoin,https://kcc.guru
1275,PERI Finance,Synthetics,Binance | Ethereum | Polygon,https://pynths.com
1274,StellaSwap,Dexes,Moonbeam,https://stellaswap.com
1273,Cleopatra DAO,Yield Aggregator,Avalanche,https://cleopatra-dao.xyz
1272,ioTube,Bridge,Binance | Ethereum | IoTeX | Polygon,https://iotube.org
1271,Immortal,Reserve Currency,Celo,https://www.immortaldao.finance/
1270,VyFinance,Staking,Cardano,https://vyfi.io
1269,Solarflare,Dexes,Moonbeam,https://solarflare.io
1268,Cronofi Finance,Yield,Cronos,https://www.cronofifinance.com/
1267,The Open DAO SOS,Services,Ethereum,https://www.theopendao.com/#sos
1266,fees.wtf,Services,Ethereum,https://fees.wtf/
1265,X,Services,Ethereum,https://x.xyz
1264,SmartDEXBCH,Dexes,smartBCH,https://smartdex.cash/
1263,SmartPad,Launchpad,Aurora | Ethereum | Polygon,https://smartpad.network/
1262,Saros,Yield,Solana,https://saros.finance
1261,DarkCrypto,Algo-Stables,Cronos,https://www.darkcrypto.finance
1260,ThetaSwap,Dexes,Theta,https://swap.thetatoken.org/swap
1259,Pillar,Algo-Stables,Zilliqa,https://pillarprotocol.com
1258,FlareFarm,Launchpad,Songbird,https://xff.flr.finance
1257,CrossChain Bridge,Cross Chain,Binance | Ethereum | Polygon,https://crosschainbridge.org
1256,Delta Financial,Options,Ethereum,https://www.delta.finance
1255,Proof of Humanity,Staking,Ethereum,https://www.proofofhumanity.id
1254,XDAO,Services,Avalanche | Binance | Ethereum | Fantom | Heco | Polygon,https://www.xdao.app/
1253,HakuSwap,Dexes,Avalanche,https://hakuswap.com
1252,Luminous Finance,Dexes,Tron,https://luminous.finance/
1251,Kandyland Finance,Reserve Currency,Avalanche,https://app.kandyland.finance/
1250,Llama Airforce,Yield,Ethereum,https://llama.airforce
1249,2omb Finance,Algo-Stables,Fantom,https://2omb.finance/
1248,Hermes Finance,Algo-Stables,Avalanche,https://hermesfinance.app/
1246,Spartan,Dexes,Binance,https://spartanprotocol.org
1245,Proxy,Yield,Ethereum | Polygon,https://prxy.fi
1244,Crabada,Gaming,Avalanche,https://www.crabada.com
1243,StackSwap,Dexes,Stacks,https://app.stackswap.org/swap
1242,SleepEarn Finance,Yield,Kardia,https://sleepearn.finance
1241,Mimo,Dexes,IoTeX,https://mimo.exchange
1240,YuzuSwap,Dexes,Oasis,https://yuzu-swap.com
1239,DuneSwap,Dexes,Oasis,https://www.duneswap.com/exchange/swap
1238,Minotaur Money,Reserve Currency,Cronos,https://minotaur.money/
1237,Bomb Money,Algo-Stables,Binance,https://app.bomb.money/
1236,Waterfall Finance,Yield,Fantom,https://app.defiwaterfall.com
1235,Ultra Protocol,Services,Binance,https://ultraprotocol.io/
1234,Agile Finance,Lending,Cronos,https://www.agilefi.org
1233,Creditum,Algo-Stables,Fantom,https://revenant.finance/creditum
1232,TerraFloki,Dexes,Terra,https://terrafloki.io
1231,Vesq,Reserve Currency,Polygon,https://www.vesq.io
1230,Welnance,Lending,Binance,https://welnance.com
1229,LooksRare,Minting,Ethereum,https://looksrare.org
1228,SashimiDAO,Reserve Currency,Avalanche,https://sashimidao.xyz
1227,Empyrean DAO,Reserve Currency,Aurora,https://empyrean.fi
1226,Oin Finance,Algo-Stables,Near,https://oin.finance
1225,VoltSwap,Dexes,Meter | Theta,https://voltswap.finance
1223,TiPiDao,Reserve Currency,Binance,https://dao.takeprofit.fi/
1222,Photon Protocol,Reserve Currency,Binance,https://photonprotocol.io/
1221,Argano,Synthetics,Polygon,https://www.argano.io
1220,KillSwitch,Yield Aggregator,Aurora | Binance | Kucoin,https://killswitch.finance
1219,Trapeza Protocol,Reserve Currency,Binance,https://www.trapeza.finance/
1218,Sierra,Reserve Currency,Avalanche,https://www.sierra.money/
1217,Parallel Liquid Crowdloan,Lending,Parallel,https://parallel.fi
1216,Farm Hero,Gaming,Binance | OKExChain | Polygon,https://farmhero.io
1215,OVR,Services,Ethereum,https://www.ovr.ai
1214,Karma DAO,Reserve Currency,Avalanche,https://karmadao.money/
1213,Ocean Protocol,Service,Binance | Ethereum | Moonriver | Polygon,https://oceanprotocol.com
1212,SamoDAO,Reserve Currency,Binance,https://www.samodao.finance/
1211,ThorusFi,Reserve Currency,Avalanche,https://thorus.fi/
1210,Voyager,Staking,Ethereum,https://www.investvoyager.com
1209,INK Protocol,Yield,Terra,https://inkprotocol.finance
1208,OpenLeverage,Dexes,Ethereum,https://openleverage.finance
1207,Across,Cross Chain,Ethereum,https://across.to
1206,WagmiDAO,Reserve Currency,Harmony,https://wagmidao.io
1205,Predictcoin,Prediction Market,Binance,https://predictcoin.finance/#
1204,BooFinance,Yield,Avalanche,https://www.boofinance.io/
1203,StoneDefi,Yield,Avalanche | Binance | Ethereum | Polygon,https://stonedefi.io/
1202,BananaFarm,Yield,Boba,https://bananafarm.io
1201,Zunami,Services,Ethereum,https://www.zunami.io
1200,Tenet,Yield,Binance | Ethereum,https://tenet.farm
1199,Ferrum,Services,Ethereum | Polygon,https://ferrum.network
1198,Chronicle,Services,Binance,https://www.chronicle.io
1197,Sentre,Dexes,Solana,https://hub.sentre.io/welcome
1196,Chikn Farm,Services,Avalanche,https://chikn.farm
1195,Instrumental Finance,Yield,Ethereum,https://www.instrumental.finance
1194,Sperax USD,Algo-Stables,Arbitrum,http://sperax.io
1193,OBSwap,Dexes,EOS,https://swap.defiob.com
1192,PolkaEx,Dexes,Binance | Ethereum | Polygon | Shiden,https://www.polkaex.io
1191,Katana,Options,Solana,https://app.katana.so
1190,Magnet DAO,Algo-Stables,Avalanche,https://magnetdao.finance/
1189,Mimas Finance,Lending,Cronos,https://mimas.finance/
1188,EverRise,Services,Avalanche | Binance | Ethereum | Fantom | Polygon,https://www.everrise.com
1187,Galatea Cash,Algo-Stables,Cronos,https://galatea.cash
1186,Rarify,Yield,xDai,https://rare.fyi
1185,MarginSwap,Dexes,Avalanche | Binance | Ethereum | Polygon,https://marginswap.finance
1184,CyberTime,Services,Binance,https://cybertime.finance
1183,Euler,Lending,Ethereum,https://www.euler.finance
1182,ChargeDeFi,Algo-Stables,Binance,https://www.chargedefi.fi
1181,MojitoSwap,Dexes,Kucoin,https://www.mojitoswap.finance
1180,Liquidrium,Yield,Arbitrum | Ethereum | Polygon,https://www.liquidrium.com
1179,ExinSwap,Dexes,Mixin,https://app.exinswap.com
1177,Whale Loans,Reserve Currency,Binance,https://whale.loans
1176,Tropical Finance,Dexes,smartBCH,https://app.tropical.finance
1175,Xenophon,Reserve Currency,Binance,https://xenophon.finance/
1174,AuroraSwap,Dexes,Aurora,https://www.auroraswap.finance
1173,JPool,Staking,Solana,https://jpool.one
1172,PsyOptions,Options,Solana,https://www.psyoptions.io
1170,MetaReserve,Reserve Currency,Binance,https://metareserve.finance/
1169,Scarab Finance,Algo-Stables,Fantom,https://scarab.finance/
1167,DefiChain Loans,Lending,DefiChain,https://defichain.com
1166,DefiChain DEX,Dexes,DefiChain,https://defichain.com/dex
1165,Swing DAO,Reserve Currency,Avalanche,https://swingdao.finance/
1164,DeepSeaDAO,Reserve Currency,Avalanche,https://www.daodeepsea.com/
1163,Trick or Treat Farm,Yield,Fantom,https://trickortreat.farm/
1162,Friktion,Options,Solana,https://friktion.fi
1161,NiiFi,Dexes,Nahmii,https://www.niifi.com/
1160,Baker Guild,Yield,Fantom,https://bakerguild.com/
1159,Piggy Finance,Yield,Avalanche,https://piggyfinance.io/
1158,Unite Finance,Algo-Stables,Harmony,https://unitefinance.io
1157,LiquidSwap,Dexes,Liquidchain,https://liquidswap.org/#/swap
1156,Cyclos,Dexes,Solana,https://cyclos.io
1155,SheepDex,Dexes,Binance,https://sheepdex.org/#/home
1154,SocialSwap,Dexes,Tron,https://www.socialswap.io
1153,Umbrella Network,Oracle,Binance | Ethereum,https://staking.umb.network
1152,RobiniaSwap,Dexes,Binance,https://robiniaswap.com/
1151,The Seed Farm,Yield,Avalanche,https://theseedfarm.app/
1150,WraithSwap,Dexes,Fantom,https://wraithswap.finance/
1149,Koala Defi,Yield,Binance | Polygon,https://koaladefi.finance/
1148,Amogus DAO,Reserve Currency,Avalanche,https://amogus.money/
1147,Emerald Swap,Yield,Binance,https://www.emeraldswap.com/
1146,CyberFantasyFembots,Yield,Polygon,https://factoryhq.io/
1145,FTM Frens,Yield,Fantom,https://ftmfrens.com/
1144,Banksy Farm,Yield,Avalanche,https://banksy.farm/
1143,Hotpot Finance,Yield,Binance,https://hotpot.farm/
1142,MM Optimizer,Yield,Cronos,https://vaults.mm.finance/vault
1141,Avalps,Reserve Currency,Avalanche,https://ape.avalps.finance/
1140,NetSwap,Dexes,Metis,https://netswap.io/#/home
1139,Tethys Finance,Dexes,Metis,https://tethys.finance
1138,Valkyrie,Launchpad,Terra,https://valkyrieprotocol.com
1137,SunFlower Finance,Dexes,Binance,https://sunflowerfi.org
1136,Rose,Dexes,Aurora,https://app.rose.fi
1135,Meowswap,Yield,Binance,https://meowswap.net/
1134,DuckyDeFi,Dexes,Cronos,https://duckydefi.com/
1133,Ice Colony,Yield,Polygon,https://www.icecolony.com/
1132,Genesys,Yield,Fantom,https://genesys.app/
1131,Cyber Dog,Yield,Cronos,https://cyberdog.finance/
1130,Buffaloswap,Yield,Binance,https://www.buffaloswap.org/
1129,BlackBird Finance,Yield,Cronos,https://croblackbird.finance/
1128,KawaiiSwap,Yield,Binance,https://www.kawaiiswap.finance/
1127,Zeus Finance,Yield,Cronos,https://www.zeusfinance.app/
1126,LemonSwap,Yield,Binance,https://lemonswap.space/
1125,MetaCrono,Yield Aggregator,Cronos,https://www.metacrono.finance/
1124,Mirai,Yield,Polygon,https://mirai.farm/
1123,Salem Finance,Yield,Cronos | Fantom | Polygon,https://salem.finance/
1122,GrassLand Finance,Yield,Polygon,https://grassland.finance/
1121,AvaViking,Yield,Avalanche,https://www.avaviking.com/
1120,Caribou Finance,Yield,Fantom,https://www.caribou.finance/
1119,Coup Farm,Yield,Avalanche,https://coup.farm/
1118,Louverture,Yield,Avalanche,https://www.louverture.finance/
1117,Crow Finance,Dexes,Cronos,https://crowfi.app/
1116,VultureSwap,Dexes,Cronos,https://vultureswap.finance
1115,Tectonic,Lending,Cronos,https://tectonic.finance/
1114,PirateDAO,Reserve Currency,Avalanche,https://piratedao.money
1113,Mama DAO,Reserve Currency,Polygon,http://mamadao.co
1112,Asgard Dao,Reserve Currency,Binance,https://asgarddao.live/
1111,Wisteria Swap,Yield,Binance,https://wisteriaswap.com
1110,Market,Lending,Fantom | Polygon,https://www.market.xyz
1109,APWine,Yield Aggregator,Ethereum | Polygon,https://apwine.fi
1108,Gearbox,Indexes,Ethereum,https://gearbox.fi
1107,WaterLoan,Lending,CSC,https://waterloan.finance
1106,Chad Finance,Yield,Fantom,https://www.chadfinance.io/
1105,Bourbon DAO,Reserve Currency,Binance,https://www.bourbondao.com/
1104,AgarthaDAO,Reserve Currency,Avalanche,https://agartha.money/
1103,SnowCatDAO,Reserve Currency,Avalanche,https://snowcatdao.com/
1102,Optidoge,Yield,Optimism,https://optidoge.xyz/
1101,SecureDAO,Reserve Currency,Fantom,https://www.securedao.finance/
1100,ValhallaDAO,Reserve Currency,Avalanche,https://valhalladao.app/
1099,Ara Finance,Reserve Currency,Avalanche,https://arafinance.land/
1098,Templar DAO,Reserve Currency,Binance | Harmony | Moonriver,https://templar.finance/
1097,Niob Finance,Dexes,Binance,https://niob.finance/
1096,PureFi,Yield,Binance | Ethereum | Polygon,https://www.purefi.io
1095,Stand Cash,Yield,Ethereum,https://stand.cash/
1094,One Cash,Staking,Ethereum,https://onecash.finance/
1093,SuperFarm,Services,Ethereum,https://superfarm.com/
1092,AfraSwap,Dexes,Binance,https://afraswap.io
1091,ZodiacDAO,Yield,Binance,https://zodiacdao.finance/
1090,Spicy DAO,Reserve Currency,Avalanche,https://app.spicydao.finance/
1089,KACO Finance,Dexes,Binance | Shiden,https://www.kaco.finance/
1088,ErgoDEX,Dexes,Ergo,https://ergodex.io
1087,Algofi,Lending,Algorand,https://www.algofi.org/
1086,Zencha Finance,Dexes,Boba,https://www.zencha.finance/#/
1085,ThetaNuts,Options,Aurora | Avalanche | Binance | Boba | Ethereum | Fantom | Polygon,https://thetanuts.finance
1084,Pala,Dexes,Klaytn,https://pala.world
1083,Everipedia,Services,Ethereum,https://everipedia.org
1082,Umbria Network,Bridge,Ethereum | Polygon,https://umbria.network
1081,BabyPig Finance,Yield,Fantom,https://www.babypig.finance
1080,XUSD Money,Algo-Stables,Ethereum,https://xusd.money
1079,IFPool,Staking,CSC,https://ifpool.io
1078,Polkastarter,Launchpad,Binance | Ethereum,https://polkastarter.com/#upcoming-projects
1077,Bring.Finance,Yield,Binance | Ethereum,https://bring.finance
1076,ArbiCheems,Yield,Arbitrum,https://arbicheems.finance/
1075,SpiritDAO,Reserve Currency,Avalanche,https://dapp.spiritdao.finance/
1074,AutoShark,Dexes,Binance,https://autoshark.finance
1073,Kitty Finance,Yield,Avalanche | Polygon,https://kittyfinance.io
1072,IFSwap,Dexes,CSC,https://ifswap.finance
1071,Polkamarkets,Options,Moonriver,https://www.polkamarkets.com
1070,Nacho Finance,Yield,Polygon,https://nachoxyz.com/
1069,OptiNyan,Yield,Optimism,https://optinyan.xyz
1068,Thoreum Finance,Yield,Binance,https://thoreum.finance/
1067,Dios Finance,Reserve Currency,Binance,https://dios.finance/
1066,Brokoli Network,Dexes,Binance | Ethereum,https://brokoli.network
1065,The Sandbox,Gaming,Ethereum | Polygon,https://www.sandbox.game
1064,Ideamarket,Derivatives,Arbitrum,https://ideamarket.io
1063,Embr Finance,Dexes,Avalanche,https://embr.finance
1062,Chest Finance,Options,Solana,https://www.chestfinance.xyz/
1061,CakeDAO,Reserve Currency,Avalanche,https://cakedao.finance/
1060,Entropyfi,Prediction Market,Polygon,https://www.entropyfi.com
1059,Sheesha Finance,Staking,Binance,https://www.sheeshafinance.io
1058,MOBOX,Gaming,Binance,https://www.mobox.io/home/#/iframe/momo
1057,Linear Finance,Derivatives,Binance,https://linear.finance
1056,Redacted Cartel,Services,Ethereum,https://www.redactedcartel.xyz
1055,FIAT DAO,Yield,Ethereum,https://fiatdao.com/
1054,ChainPort,Bridge,Ethereum,https://app.chainport.io
1053,MooniSwap,Dexes,Ethereum,https://mooniswap.exchange/#/swap
1052,Astroport,Dexes,Terra,https://astroport.fi
1051,Vortex DAO,Reserve Currency,Avalanche,https://www.vortexdao.com/
1050,LeagueDAO,Services,Ethereum,https://leaguedao.com/
1049,Globiance,Dexes,XDC,https://dex.globiance.com
1048,Merit Circle,Launchpad,Ethereum,https://www.meritcircle.io/
1047,UnusDao,Reserve Currency,Binance,https://unusdao.finance/
1046,Ouchi Finance,Dexes,Ethereum,https://ouchi.finance
1045,Tempus Finance,Yield,Ethereum,http://tempus.finance
1044,Stader,Staking,Terra,https://staderlabs.com
1043,SunflowerSwap,Dexes,Ethereum,https://sunflowerswap.finance
1042,Solana Farm,Staking,Binance,https://solanafarm.finance
1041,Numbers Protocol,Services,Binance | Ethereum,https://www.numbersprotocol.io
1040,MFinance,Staking,Ethereum,https://m.finance
1039,Mercurity,Dexes,Ethereum,https://www.mercurity.finance
1038,FireDAO,Yield,Ethereum,https://firedao.com
1037,RagnarokDAO,Reserve Currency,Avalanche,https://app.ragnarokdao.finance/
1036,BTCST,Yield,Binance,https://www.btcst.finance
1035,BITPIF,Staking,Ethereum,https://bitpif.com/#/swap
1034,Base Protocol,Indexes,Ethereum,https://www.baseprotocol.org
1033,OneSwap,Dexes,Binance | CSC | Ethereum | Tron,https://www.oneswap.net
1032,Percent Finance,Lending,Ethereum,https://percent.finance/
1031,PandaSwap,Yield,Binance,https://www.pandaswap.xyz/#/
1030,TopShelf,Synthetics,Avalanche | Binance | Fantom,https://topshelf.finance/
1029,SpicySwap,Dexes,Tezos,https://spicyswap.xyz/#/app
1028,MM Finance,Dexes,Cronos,https://mm.finance
1027,Xmas Past,Yield,Fantom,https://www.xmas-past.com
1026,Starterra,Launchpad,Terra,https://app.starterra.io
1025,Wrapped,Cross Chain,Celo | Ethereum,https://wrapped.com
1024,DefySwap,Dexes,Fantom,https://defyswap.finance/
1023,Overnight,Algo-Stables,Polygon,https://ovnstable.io
1022,Hermes Defi,Yield,Polygon,https://www.hermesdefi.io
1021,RivrKitty,Yield,Moonriver,https://rivrkitty.com
1020,Arkadiko,Algo-Stables,Stacks,https://arkadiko.finance
1019,OpenDAO,Algo-Stables,Binance | Ethereum,https://opendao.io/
1018,Gains Network,Dexes,Polygon,https://gainsnetwork.io
1016,Aztec,Privacy,Ethereum,https://aztec.network
1015,Atlas USV,Reserve Currency,Polygon,https://app.atlasusv.com/#/dashboard
1014,TempoDAO,Reserve Currency,Avalanche,https://earn.tempodao.gg/#/stake
1013,Stargate Finance,Reserve Currency,Binance,https://www.stargate.zone/#/stake
1012,Pumpkin DAO,Reserve Currency,Fantom,https://app.pumpkindao.com/
1011,Papa DAO,Reserve Currency,Avalanche,https://papadao.co/#/stake
1010,Ice DAO,Reserve Currency,Avalanche,https://app.icedao.finance/#/dashboard
1009,CheeseDAO,Reserve Currency,Harmony,https://www.cheesedao.xyz/#/dashboard
1008,Soy Finance,Dexes,Callisto,https://soy.finance
1007,SafeSwap,Dexes,Ethereum | Polygon,https://safeswap-matic.yfdai.finance/#/swap
1006,Thorstarter,Launchpad,Ethereum,https://thorstarter.org
1005,UPFI Network,Algo-Stables,Solana,https://upfi.network
1004,Colony,Services,Avalanche,https://www.colonylab.io/
1003,WagyuSwap,Dexes,Velas,https://www.wagyuswap.app
1002,YokaiSwap,Dexes,Godwoken,https://www.yokaiswap.com
1001,Giza DAO,Reserve Currency,Fantom,https://www.gizadao.com
1000,Brinc,Services,Ethereum,https://brinc.fi
999,Luxor Money,Reserve Currency,Fantom,https://Luxor.money
998,KokoSwap,Dexes,Binance,https://kokoswap.org/
997,Piggy,Minting,Binance,https://piggy.fi
996,OCP Finance,Yield,Binance,https://ocp.finance
995,Drops,Lending,Ethereum,https://drops.co
994,Life DAO,Reserve Currency,Avalanche,https://lifedao.finance
993,O2 DAO,Reserve Currency,Avalanche,https://app.otwodao.com
992,Ubiquity DAO,Services,Ethereum,https://ubq.fi/
991,MidasDAO,Assets,Avalanche,https://midasdao.org
990,Powerbomb Finance,Yield,Avalanche,https://www.powerbomb.finance
989,KryptoDex,Dexes,Cronos,https://kryptodex.org
988,Vaporwave,Yield,Aurora,https://www.vaporwave.farm
987,HoneyFarm,Yield,Avalanche | Binance,https://honeyfarm.finance
986,ArbiRise Finance,Yield,Arbitrum,https://www.arbirise.finance
985,Mobius Finance,Synthetics,Polygon,https://mobius.finance
984,GalaxyGoogle DAO,Reserve Currency,Avalanche | Binance,https://app.galaxygoggle.money
982,VikingsFinance,Reserve Currency,Avalanche,https://vikings.finance
981,Kafe Finance,Yield,Cronos | Moonriver,https://moon.kafe.finance/
980,WannaSwap,Dexes,Aurora,https://wannaswap.finance
979,PartySwap,Dexes,Avalanche,https://app.partyswap.io/#/home
978,ChickenSwap,Dexes,Ethereum,https://www.chickenswap.org/#/
977,Tornadao,Reserve Currency,Avalanche,https://www.tornadao.finance
976,WingSwap,Dexes,Fantom,https://wingswap.io
975,Omicron,Reserve Currency,Arbitrum,https://omic.finance
974,TaiChi,Reserve Currency,Binance,https://www.taichidao.io
973,XEUS,Reserve Currency,Binance,https://xeus.finance/#/stake
972,StellarX,Dexes,Stellar,https://www.stellarx.com
971,NFTb,Yield,Binance,https://nftb.io
970,Drift,Dexes,Solana,https://www.drift.trade
969,DeHive,Indexes,Binance | Ethereum | Polygon,https://dehive.finance
968,Zai Finance,Minting,Ethereum,https://zaiprotocol.finance/
967,Babylon Finance,Indexes,Ethereum,https://www.babylon.finance
966,CerberusDAO,Reserve Currency,Ethereum,https://cerberusdao.finance
965,MoonDao,Reserve Currency,Moonriver,https://www.moondao.net/dashboard
964,Nemesis DAO,Reserve Currency,Binance,https://nemesisdao.finance/
963,Vexchange,Dexes,VeChain,https://vexchange.io/swap
962,Retreeb,Payments,Fantom,https://retreeb.io
961,Fantohm,Reserve Currency,Binance | Boba | Ethereum | Fantom | Moonriver,https://www.fantohm.com
960,1BCH,Dexes,smartBCH,https://1bch.com
959,Alpaca City,Yield,Binance | Ethereum,https://alpaca.city
958,Ester Finance,Yield,Fantom,https://ester.finance
957,Flame DeFi,Yield,Tezos,https://flamedefi.io
956,Swarm Markets,Dexes,Ethereum,https://swarm.markets
955,RomeDAO,Reserve Currency,Moonriver,https://romedao.finance
954,REX Staking,Lending,Telos,https://eosauthority.com/rex
953,Nearpad,Dexes,Aurora,https://www.nearpad.io
952,TON Swap,Dexes,Everscale,https://tonswap.io/swap
951,Pando,Dexes,Mixin,https://pando.im
950,ARCx,Insurance,Ethereum,https://arcx.money/passport
949,Lobis,Reserve Currency,Ethereum,https://www.lobis.finance
948,MonoX,Dexes,Ethereum | Polygon,https://monox.finance/
947,PolyShield,Yield,Polygon,https://polyshield.finance
946,FreeLiquid,Lending,Ethereum,https://freeliquid.io
945,Jade Protocol,Reserve Currency,Binance,https://jadeprotocol.io/
944,Platypus Finance,Dexes,Avalanche,https://platypus.finance
943,Shinobi,Dexes,Ubiq,https://shinobi.ubiq.ninja/#/swap
942,KnightSwap Finance,Dexes,Binance | Fantom,https://knightswap.financial
941,UniPower,Staking,Ethereum | Polygon,https://unipower.network
940,Soda Protocol,Lending,Solana,https://sodaprotocol.com/
939,R U Generous,Reserve Currency,Avalanche,https://www.rug.farm/#/dashboard
938,BitANT,Yield,Optimism,https://bitbtc.money/#/
937,Hex,Staking,Ethereum,https://hex.com
936,Manifest,Services,Ethereum,https://manifest.gg
935,Pole Aggregator,Yield,Solana,https://pole.finance
934,InvictusDAO,Reserve Currency,Solana,https://app.invictusdao.fi/#/dashboard
933,Nidhi-Dao,Reserve Currency,Polygon,https://www.nidhidao.finance
932,Xensa,Lending,OKExChain,https://www.xensa.fi
931,Genesis Finance,Dexes,Cronos,https://genesisfinance.app
930,Maximizer,Reserve Currency,Avalanche,https://maxi.xyz
929,RaDao,Reserve Currency,Binance,https://radao.finance
928,Fortress,Reserve Currency,Avalanche,https://app.fortressdao.finance
927,Pidao Finance,Reserve Currency,Binance,https://www.pidao.finance/
926,Metaversepro,Reserve Currency,Binance,https://app.metaverse.pro
925,Oddz,Options,Binance,https://www.oddz.fi/
923,LeonicornSwap,Dexes,Binance,https://dex.leonicornswap.com/home
922,Big Data Protocol,Staking,Ethereum,https://www.bigdataprotocol.com
921,DAO Maker,Services,Ethereum,https://daomaker.com/vault
920,Raven,Yield,Fantom,https://raven.scarecrow.fi
919,Union Finance,Minting,Ethereum,https://unn.finance
918,Klondike Finance,Synthetics,Ethereum,https://klondike.finance
917,Pacoca,Yield,Binance,https://pacoca.io
916,Pika Protocol,Dexes,Optimism,https://pikaprotocol.com
915,Definix,Dexes,Binance | Klaytn,https://definix.com/en
914,VampireSwap,Dexes,Fantom,https://vampireswap.org
913,Defrost,Minting,Avalanche,https://www.defrost.finance
912,FlareLoans,Lending,Songbird,https://xfl.flr.finance
911,SumSwap,Dexes,Ethereum,https://www.sumswap.org/#/
910,Golff Protocol,Yield,Binance | Ethereum | Heco,https://golff.finance/#/
909,Kronos DAO,Reserve Currency,Klaytn,https://kronosdao.finance
908,Knit Finance,Cross Chain,Binance | Ethereum | Fantom | Polygon,https://knit.finance
907,Chronoswap,Dexes,Cronos,https://chronoswap.org
906,Impossible Finance,Dexes,Binance,https://impossible.finance
905,TangoSwap,Dexes,smartBCH,https://tangoswap.cash/swap
904,Typhoon Cash,Services,Ethereum,https://typhoon.cash
903,MiniSwap,Dexes,Ethereum,https://www.miniswap.org
902,HSwap,Dexes,Heco,https://www.hswap.com/#/
901,EverestDAO,Options,Avalanche,https://everestdao.net
900,Rocket Pool,Staking,Ethereum,https://rocketpool.net
899,Kimochi,Services,Binance,https://kimochi.finance
898,BeGlobal Finance,Dexes,Binance,https://dapp.beglobal.finance/
897,Donkey,Lending,Klaytn,https://www.donkey.fund
896,KwikSwap,Dexes,Binance | Ethereum | Polygon | Shiden,https://home.kwikswap.org
895,BlackPool,Minting,Ethereum | Polygon,https://blackpool.finance/
894,Paraswap,Dexes,Ethereum,https://paraswap.io/
893,RetroDefi,Yield,Binance | Polygon,https://www.retrodefi.net
892,SmolSwap,Dexes,Cronos,https://smolswap.com
891,OneDAO Finance,Reserve Currency,Harmony,https://onedao.finance
890,Oh Finance,Yield,Avalanche | Ethereum,https://oh.finance
889,8ightDAO,Reserve Currency,Harmony,https://app.8ight.finance/#/dashboard
888,Revault,Yield,Binance,https://www.revault.network/
887,SwapperChan,Dexes,Boba,https://swapperchan.com/swap
886,Position Exchange,Dexes,Binance,https://app.position.exchange/
885,FlareX,Dexes,Songbird,https://xfx.flr.finance
884,CorgiSwap,Dexes,Binance,https://corgiswap.org
883,SmartDEX,Dexes,Polygon,https://www.smartdex.app
882,LumenSwap,Dexes,Stellar,https://lumenswap.io
881,SafeOHM,Reserve Currency,Binance,https://sohm.finance
880,MarshmallowDeFi,Yield,Binance,https://marshmallowdefi.com
879,DeerFi,Lending,Ethereum,https://deerfi.com/#/home
878,Unilend,Lending,Binance | Ethereum | Polygon,https://unilend.finance
877,DungeonSwap,Yield,Binance,https://dungeonswap.app
876,Yield Protocol,Lending,Ethereum,https://yield.is
875,Temple DAO,Asset,Ethereum,https://www.templedao.link
874,ICHI Farm,Minting,Ethereum,https://www.ichi.org
873,BSCSwap,Dexes,Binance,https://bscswap.com/#/list
872,Skeleton Finance,Yield,Fantom,https://skeleton.finance
871,MintSwap,Services,Avalanche,https://mint-swap.com
870,Defily,Yield,Binance | Harmony | Kardia,https://defily.io/#/
869,Pop Town,Yield,Ethereum,https://new.pop.town
868,Saffron Finance,Staking,Ethereum,https://saffron.finance
867,GIBXSwap,Dexes,Binance,https://gibxswap.io
866,Reverse,Reserve Currency,Harmony,https://app.reverseprotocol.one
865,Seeder Finance,Yield,Binance,https://seeder.finance
864,Wrapped BNB,Bridge,Kava,https://www.kava.io
863,Yoshi Exchange,Dexes,Binance | Fantom,https://yoshi.exchange
862,Quarry,Yield,Solana,https://quarry.so
861,Bear Finance,Yield,Fantom,https://bearfinance.org
860,CougarSwap,Yield,Avalanche | Binance | Fantom | Harmony | Polygon,https://cougarswap.io
859,Snowdog,Reserve Currency,Avalanche,https://www.snowdogdao.com
858,Piggybank DAO,Reserve Currency,Avalanche,https://piggybankdao.finance
857,AliensFarm,Dexes,Tezos,https://aliens.farm
856,Fortune DAO,Reserve Currency,Cronos,https://fortunedao.com
855,Risq Protocol,Options,Binance,https://risq.capital
854,Maiar Exchange,Dexes,Elrond,https://maiar.exchange
853,AxeDAO,Reserve Currency,Ethereum,https://www.axedao.finance
852,Demeter,Lending,Heco,https://demeter.xyz/#/
851,Nest Protocol,Yield,Ethereum,https://nestprotocol.org
850,Polyroll,Yield,Polygon,https://polyroll.org
849,Capital DAO,Services,Ethereum,https://capital-dao.io
848,Talent Protocol,Services,Celo,https://www.talentprotocol.com
847,PhotonSwap Finance,Dexes,Cronos,https://photonswap.finance
846,KLend,Lending,Binance | OKExChain,https://klend.finance/app
845,Axial,Dexes,Avalanche,https://www.axial.exchange
844,ZYXSwap,Dexes,ZYX,https://app.zyxswap.com/#/swap
843,Unirex Finance,Yield,Fantom,https://www.unirex.finance
842,Matrix Farm,Yield,Fantom,https://matrix.farm
841,SWAPP,Dexes,Cronos,https://dex.swapp.ee/#/swap
840,BunnyPark,Dexes,Binance,https://www.bunnypark.com/
839,Hades Swap,Dexes,Polis,https://hadesswap.finance
838,Component,Dexes,Binance | Ethereum | xDai,https://component.finance/
837,ArenaSwap,Dexes,Binance,https://www.arenaswap.com/
836,CronaSwap,Dexes,Cronos,https://app.cronaswap.org
835,Suterusu,Services,Binance | Ethereum,https://suterusu.io
834,BSCStation,Dexes,Binance,https://bscstation.finance/
833,ZoomSwap,Yield,IoTeX,https://zoomswap.io
832,Hector DAO,Dexes,Fantom,https://hectordao.com
831,VVS Finance,Dexes,Cronos,https://vvs.finance
830,Revest Finance,Minting,Avalanche | Ethereum | Fantom | Polygon,https://revest.finance
829,Standard Protocol,Dexes,Ethereum | Metis | Shiden,https://standard.tech
828,Crodex,Dexes,Cronos,https://swap.crodex.app
827,Layer2 Finance,Yield,Ethereum,https://layer2.finance
826,MinMax Finance,Dexes,IoTeX,https://minmax.finance
825,NFT20,Minting,Ethereum | Polygon,https://nft20.io
824,Euphoria,Reserve Currency,Harmony,https://euphoria.money
823,TomoFinance,Minting,TomoChain,https://tomo.finance
822,FantomPup,Yield,Fantom,https://fantompup.finance
821,Undead Finance,Yield,Fantom,https://www.undeadfinance.com
820,Doki Doki Finance,Yield,Ethereum | Polygon,https://dokidoki.finance/
819,Helios Prime,Indexes,Ethereum,https://heliosprime.live
818,CashCow Protocol,Yield,Binance,https://cashcowprotocol.com
817,CashCow Finance,Lending,Binance,https://cashcow.finance
816,xSigma,Dexes,Ethereum,https://xsigma.fi
815,PureSwap,Dexes,Binance,https://pureswap.finance
814,Loop Finance,Dexes,Terra,https://www.loop.markets
812,EmpireDEX,Dexes,Avalanche | Binance | Cronos | Ethereum | Fantom | Polygon | xDai,https://app.empiredex.org/farm
811,Kebab Finance,Dexes,Binance,https://kebabfinance.com/
810,Zenlink,Dexes,Moonbeam | Moonriver,https://zenlink.pro
809,PolyYeld Finance,Yield,Polygon,https://app.polyyeld.finance/
808,Swift Finance,Yield,Avalanche,https://swiftfinance.farm/
807,Blizz Finance,Lending,Avalanche,https://blizz.finance
806,Glide Finance,Dexes,Elastos,https://glidefinance.io
805,Snowbank,Reserve Currency,Avalanche,https://www.snowbank.finance
804,Gyro,Reserve Currency,Binance,https://gyro.money
803,OtterClam,Reserve Currency,Polygon,https://www.otterclam.finance
802,SquidDao,Reserve Currency,Ethereum,https://squid.xyz
801,cBridge,Bridge,Arbitrum | Avalanche | Binance | Ethereum | Fantom | Heco | OKExChain | Optimism | Polygon | xDai,https://cbridge.celer.network/#/transfer
800,ZigZag,Dexes,zkSync,https://trade.zigzag.exchange
799,Rubicon,Dexes,Optimism,https://www.rubicon.finance
798,Adena Finance,Dexes,Harmony,https://adena.finance
797,Katana DEX,Dexes,Ronin,https://katana.roninchain.com/#/swap
796,Draco Force,Yield Aggregator,Fantom,https://dracoforce.com
795,SenpaiSwap,Dexes,Boba,https://senpaiswap.com/#/
794,OolongSwap,Dexes,Boba,https://oolongswap.com/#/
793,Cashio,Payments,Solana,https://cashio.app
792,Pinyottas,Minting,Ethereum,https://pinyottas.com
791,Sencha,Dexes,Solana,https://sencha.so
790,PolygonFarm Finance,Yield,Polygon,https://polygonfarm.finance/
789,Ola Finance,Lending,Binance | Fantom,https://ola.finance
788,Bridge Mutual,Insurance,Ethereum,https://www.bridgemutual.io
787,Squid Stake,Yield,Binance,https://squidstake.com
786,Bagels Finance,Yield,Binance,https://app.bagels.finance
785,LootSwap,Dexes,Harmony,https://lootswap.finance
784,Trisolaris,Dexes,Aurora,https://www.trisolaris.io/#/swap
783,AtmosSoft,Gaming,Binance | Fantom,https://www.atmossoftdefi.app
782,Polywhale Finance,Yield,Polygon,https://polywhale.finance/
781,Klima DAO,Reserve Currency,Polygon,https://www.klimadao.finance
780,Apricot Finance,Lending,Solana,https://apricot.one/#/
759,EggTartSwap,Dexes,Harmony,https://eggtartswap.com
758,Spartacus,Reserve Currency,Fantom,https://spartacus.finance/#/
757,Brahma,Yield,Ethereum,https://www.brahma.fi
756,Angle,Minting,Ethereum,https://app.angle.money
755,Arrow,Yield,Solana,https://arrowprotocol.com
754,BossSwap,Dexes,Harmony,https://www.bossswap.finance
753,RealT,Services,xDai,https://realt.co
752,Nexus Protocol,Yield,Terra,https://nexusprotocol.app
751,Umami Finance,Reserve Currency,Arbitrum,https://umami.finance/
750,Fractional Art,Indexes,Ethereum,https://fractional.art
749,BenSwap,Dexes,Binance | smartBCH,https://benswap.cash
748,MistSwap,Dexes,smartBCH,https://mistswap.fi
747,MuesliSwap,Dexes,Cardano | smartBCH,https://muesliswap.com
746,Nileriver,Yield,Moonriver,https://www.nileriver.finance
745,Atlantis Loans,Lending,Binance,https://atlantis.loans
744,Tranquil Finance,Lending,Harmony,https://tranquil.finance/
743,Neku,Lending,Arbitrum | Binance | Moonriver,https://neku.io
742,Furucombo,Yield,Polygon,https://furucombo.app
741,Vaulty Finance,Yield,Binance,https://vaulty.fi
740,Elephantdex,Dexes,Harmony,https://elephant.ac
739,Aldrin,Dexes,Solana,https://aldrin.com
738,Defi Halal,Minting,Polygon,https://defihalal.org
737,Dino.Exchange,Dexes,Binance,https://dino.exchange
736,aSOL,Staking,Solana,https://asol.so
735,BecoSwap,Dexes,Kardia,https://becoswap.com
734,OpenSwap,Dexes,Harmony,https://app.openswap.one
733,Stabilize,Minting,Avalanche,https://stabilize.fi
732,Bouje Finance,Yield,Fantom,https://bouje.finance
731,Synthetify,Dexes,Solana,https://www.synthetify.io
730,Exodia,Reserve Currency,Fantom,https://exodia.fi/
729,AnchorSwap,Dexes,Binance,https://anchorswap.app/
728,DefiPlaza,Dexes,Ethereum,https://defiplaza.net/
727,ScareCrow Finance,Yield,Fantom,https://app.scarecrow.fi/
726,Solo Top,Yield,Binance | Heco | OKExChain | Polygon,https://solo.top
725,BiShares,Indexes,Binance | Fantom,https://bishares.finance
724,Handle Fi,Minting,Arbitrum | Ethereum,https://handle.fi
723,Potluck Protocol,Dexes,Fantom,http://fantom.potluckprotocol.com
722,Summit Defi,Yield,Fantom,https://summitdefi.com
721,Tracer,Minting,Arbitrum,https://tracer.finance
720,Nasdex,Dexes,Polygon,https://www.nasdex.xyz
719,Universe Finance,Yield,Ethereum,https://www.universe.finance/
718,Alium Swap,Dexes,Binance,https://alium.finance/
717,Decubate,Launchpad,Binance,https://platform.decubate.com/
716,Billion Happiness,Yield,Binance,https://billionhappiness.finance/
715,SmartCoin,Yield,Avalanche,https://smartcoin.farm
714,Voltage,Dexes,Fuse,https://app.voltage.finance/
713,Polkaswap,Dexes,Sora,https://polkaswap.io
712,Kaidex,Dexes,Kardia,https://kaidex.io
711,Polymarket,Prediction Market,Polygon,https://polymarket.com
710,Squid-Defi,Staking,Fantom,https://squid-defi.com
709,pStake,Staking,Ethereum,https://pstake.finance
707,LuaSwap,Dexes,Ethereum | TomoChain,https://luaswap.org/#/
706,YSL.IO,Yield,Binance,https://ysl.io
705,TTswap,Dexes,ThunderCore,https://ttswap.space/#/swap
704,Chainge Finance,Dexes,Fusion,https://www.chainge.finance
703,Goldfinch,Lending,Ethereum,https://goldfinch.finance
702,Coffin Finance,Algo-Stables,Fantom,https://coffin.finance
701,Behodler,Dexes,Ethereum,https://behodler.io
700,Poof Cash,Lending,Celo,https://www.poof.cash
699,Polly Finance,Indexes,Polygon,https://www.pollyfinance.com/
698,EvolutionLand,Game,Ethereum | Heco | Polygon,http://evolution.land
697,Cook Finance,Indexes,Avalanche | Binance | Ethereum,https://www.cook.finance
696,Agave,Lending,xDai,https://agave.finance
695,Dinosaur Eggs,Dexes,Binance,https://dsgmetaverse.com
694,JustCryptos,Bridge,Tron,https://just.network/token
693,Superfluid,MoneyStream,Polygon | xDai,https://www.superfluid.finance/home
692,HurricaneSwap,Dexes,Avalanche,https://hurricaneswap.com
691,JustStables,Algo-Stable,Tron,https://juststable.tronscan.org/#/login
690,SUNSwap,Dexes,Tron,https://sunswap.com/#/home
689,Kalata,Minting,Binance,https://www.kalata.io/
688,HaloDAO,Yield,Ethereum | Polygon,https://www.halodao.com/
687,JaguarSwap,Yield,Arbitrum,https://arbi.jaguarswap.com
686,YEL Finance,Yield,Binance | Ethereum | Fantom | Polygon,https://yel.finance
685,Tesseract,Yield,Polygon,https://tesr.finance/#/
684,Hpdex,Dexes,HPB,https://app.hpdex.org/#/swap
683,GoSwap,Dexes,GoChain,https://goswap.exchange/#/swap
682,BaconDAO,Yield,Binance | Ethereum,https://app.bacondao.com/
681,OraiChain,Yield,Binance | Ethereum,https://orai.io
680,Tinyman,Dexes,Algorand,https://tinyman.org
679,UniFarm,Yield,Binance | Ethereum | Polygon,https://unifarm.co
678,JSwap,Dexes,OKExChain,https://app.jswap.finance/#/swap
677,BorgSwap,Farm,Fantom,https://borgswap.exchange
676,Phoenix Finance,Options,Binance | Polygon | Wanchain,https://www.phx.finance
675,Dark Matter,Yield,Fantom,https://www.dmu.zone
674,RskSwap,Dexes,RSK,https://rskswap.com
673,Aavegotchi,Game,Ethereum | Polygon,https://aavegotchi.com
672,Fegex,Services,Binance | Ethereum,https://fegtoken.com
671,FODL Finance,Options,Ethereum,https://fodl.finance/
670,CarbonSwap,Dexes,EnergyWeb,https://carbonswap.exchange/#/swap
669,Shield,Options,Binance,https://shieldex.io
668,Swap Cat,Dexes,Arbitrum | Avalanche | Binance | Celo | EnergyWeb | Ethereum | EthereumClassic | Fantom | GoChain | HPB | Harmony | Heco | Kucoin | Moonriver | OKExChain | Polygon | RSK | Songbird | TomoChain | smartBCH | xDai,https://swap.cat
667,Mars Ecosystem,Algo-Stables,Binance,https://marsecosystem.com/home
666,OrcaDAO,Lending,Avalanche,https://www.avai.finance
665,Multi-Chain Miner,Yield,Avalanche | Binance | Fantom | Polygon,https://multichain-miner.net
664,OakFarm,Yield,Binance | OKExChain,https://oakfarm.io
663,Pods Finance,Options,Arbitrum | Ethereum | Polygon,https://www.pods.finance
662,Artemis Protocol,Yield,Harmony,https://app.artemisprotocol.one/
661,MochiFi,Lending,Ethereum,https://mochi.fi
660,Dopex,Options,Arbitrum | Ethereum,https://www.dopex.io
659,JetSwap,Dexes,Binance | Fantom | Polygon,https://jetswap.finance
658,Only1,Minting,Solana,https://only1.app
657,Synapse,Dexes,Arbitrum | Aurora | Avalanche | Binance | Boba | Ethereum | Fantom | Harmony | Moonbeam | Moonriver | Optimism | Polygon,https://synapseprotocol.com
656,Sapphire Defi,Yield,Fantom,https://sapphiredefi.com
655,Almond,Yield,Solana,https://almond.so
654,Beethoven X,Dexes,Fantom,https://www.beethovenx.io
653,Atrix,Dexes,Solana,https://www.atrix.finance
652,EmiSwap,Dexes,Ethereum | Kucoin,https://emiswap.com/
651,CHFRY Finance,Lending,Ethereum,https://chfry.finance
650,Augmented Finance,Lending,Avalanche | Binance | Ethereum,https://augmented.finance
649,SwapMatic,Dexes,Polygon,https://swapmatic.io
648,Alkemi,Lending,Ethereum,https://alkemi.network
647,Jet,Lending,Solana,https://www.jetprotocol.io
646,UniFi,Dexes,Binance | Polygon,https://unifiprotocol.com
645,LatteSwap,Dexes,Binance,https://app.latteswap.com
644,PadSwap,Dexes,Binance | Moonbeam | Moonriver,https://padswap.exchange
643,Geist Finance,Lending,Fantom,https://geist.finance
642,Bumper Finance,Insurance,Ethereum,https://www.bumper.fi
641,G-UNI,Yield,Ethereum | Optimism,https://www.gelato.network
640,KingDefi,Yield,Binance | Polygon,https://kingdefi.io
639,EnterDAO,Farming,Ethereum,https://enterdao.xyz
638,Meso Finance,Yield,Fantom,https://www.meso.finance
637,SYNC Network,Minting,Ethereum,https://syncbond.com/
636,Keep3r Network,Derivatives,Ethereum,https://keep3r.network
635,Blizzard,Yield,Avalanche,https://blizzard.network
634,Singular Farm,Yield,Avalanche | Binance | Fantom | Polygon,https://singular.farm
633,TotemFi,Prediction Market,Binance,https://totemfi.com
632,FarmersOnly,Yield,Harmony,https://app.farmersonly.fi
631,Beanstalk,Algo-Stables,Ethereum,https://bean.money
630,Huckleberry,Dexes,Moonriver,https://www.huckleberry.finance/#/swap
629,Cozy Finance,Insurance,Ethereum,https://www.cozy.finance
628,Float Capital,Derivatives,Avalanche | Polygon,https://float.capital
627,Mean Finance,Yield,Ethereum,https://mean.finance
626,Reserve,Algo-Stables,Ethereum,https://reserve.org
625,Arbi's Finance,Yield,Arbitrum,https://arbis.finance
624,Paladin Finance,Lending,Ethereum,https://www.paladin.vote
623,Composable Finance,Cross Chain,Arbitrum | Ethereum | Polygon,https://www.composable.finance
622,Clipper,Dexes,Ethereum | Polygon,https://clipper.exchange
621,Trava Finance,Lending,Binance | Fantom,https://trava.finance
620,Francium,Yield,Solana,https://francium.io
619,Vee Finance,Lending,Avalanche | Heco,https://vee.finance/home
618,Kava Swap,Dexes,Kava,https://www.kava.io/swap
617,Bogged Finance,Dexes,Binance,https://www.bogged.finance
616,Amy Finance,Lending,Arbitrum,https://amy.finance
615,BNBMiner Finance,Services,Binance,https://bnbminer.finance
614,Waves Exchange,Dexes,Waves,https://waves.exchange
613,Swop,Dexes,Waves,https://swop.fi
612,Vires Finance,Lending,Waves,https://vires.finance
611,Neutrino,Algo-Stables,Waves,https://neutrino.at
610,eCurve,Dexes,EOS,https://ecurve.finance
609,Banano,Yield,Binance | Polygon,https://banano.cc
608,Cap,Dexes,Arbitrum,https://cap.finance
607,Hundred Finance,Lending,Arbitrum | Ethereum | Fantom | Harmony | Moonriver,https://hundred.finance
606,RocketSwap,Dexes,Lamden,https://rocketswap.exchange
605,Telos Swap,Dexes,Telos,https://www.tswaps.com
604,Sherlock,Insurance,Ethereum,https://sherlock.xyz
603,Socean,Staking,Solana,https://www.socean.fi
602,BakerySwap,Dexes,Binance,https://www.bakeryswap.org
601,Warp Protocol,Lending,Ethereum,https://www.warp.finance
600,Value Liquid,Dexes,Ethereum,https://valueliquid.io/#/swap
599,Cub Finance,Yield,Binance,https://cubdefi.com
598,ShapeShift,Staking,Ethereum,https://shapeshift.com
597,BabySwap,Dexes,Binance,https://home.babyswap.finance
596,Flux Protocol,Lending,Arbitrum | Binance | Conflux | Ethereum | Heco | OKExChain | Polygon,https://flux.01.finance
595,Convergence,Dexes,Ethereum,https://conv.finance
594,Defirex,Yield,Ethereum,https://defirex.org
593,Tranche Finance,Yield,Ethereum,https://tranche.finance
592,Defi Yield Protocol,Yield,Avalanche | Binance | Ethereum,https://dyp.finance
591,Multichain,Bridge,Arbitrum | Avalanche | Binance | Ethereum | Fantom | Harmony | Heco | Kucoin | Moonriver | OKExChain | Polygon | Syscoin | Telos | xDai,https://multichain.org/
590,Parrot Defi,Yield,Arbitrum | Harmony | IoTeX | Polygon,https://parrotdefi.com
589,Strike,Lending,Ethereum,https://strike.org
588,Mobius Money,Dexes,Celo,https://www.mobius.money
587,Maple,Lending,Ethereum,https://www.maple.finance
586,Tidal Finance,Insurance,Polygon,https://tidal.finance
585,Popsicle Finance,Yield,Binance | Ethereum | Fantom,https://popsicle.finance
584,1Swap,Dexes,Moonriver,https://1swap.fi
583,Eleven Finance,Yield,Avalanche | Binance | Fantom | OKExChain | Polygon,https://eleven.finance
582,Ante Finance,Insurance,Ethereum,https://ante.finance
581,Morpheus Swap,Yield,Fantom,https://morpheusswap.finance
580,SashimiSwap,Dexes,Binance | Ethereum | Heco,https://sashimi.cool/home/swap
579,iTrust Finance,Insurance,Ethereum,https://itrust.finance
578,The Dragon's Lair,Yield,Avalanche,https://thedragonslair.farm
577,Allbridge,Bridge,Aurora | Avalanche | Binance | Celo | Ethereum | Fantom | Heco | Polygon | Solana | Terra,https://allbridge.io
576,UnoRe,Insurance,Binance | Ethereum,https://unore.io
575,Coinswap Space,Dexes,Binance,https://www.coinswap.space
574,Fuzz Finance,Dexes,Harmony,https://fuzz.fi
573,Liqee,Lending,Binance | Ethereum,https://liqee.io
572,Cyclone,Yield,Binance | Ethereum | IoTeX | Polygon,https://cyclone.xyz
571,Aladdin DAO,Yield,Ethereum,https://www.aladdin.club
570,TEN Finance,Yield,Binance,https://ten.finance
569,Crunchy Network,Farm,Tezos,https://crunchy.network
568,Scientix,Synthetics,Binance,https://scientix.finance
567,Newland,Yield,Ethereum | Heco,https://newland.finance
566,MacaronSwap,Dexes,Binance | Polygon,https://macaronswap.finance
565,Sunrise Gaming,Prediction Market,Ethereum,https://sunrisegaming-dao.com
564,Fabric,Yield,Solana,https://stake.fsynth.io
563,Timewarp,Staking,Binance | Ethereum,https://timewarp.finance
562,Crystl Finance,Farm,Cronos | Polygon,https://www.crystl.finance
561,Alita Finance,Dexes,Binance,https://app.alita.finance
559,Dapp Account DAO,Yield,EOS,https://superdad.finance
558,Magic Land,Yield,Arbitrum | IoTeX,https://magicland.fi
557,Meta Pool,Staking,Near,https://metapool.app
556,Defi Kingdoms,Dexes,Harmony,https://www.defikingdoms.com
555,Genshiro,Lending,Kusama,https://genshiro.equilibrium.io
554,StormSwap,Yield,Avalanche | Cronos,https://stormswap.finance
553,Annex,Lending,Binance | Cronos,https://www.annex.finance
552,SeaDex,Dexes,Moonriver,https://dex.seascape.network/#/swap
551,Solarbeam,Dexes,Moonriver,https://solarbeam.io/exchange/swap
550,FreeRiver,Dexes,Moonriver,https://freeriver.exchange/#/swap
549,Vigor,Lending,EOS,https://vigor.ai
548,DeFis Network,Dexes,EOS,https://defis.network
547,pNetwork,Staking,Binance | EOS | Ethereum | Polygon | Telos | Ultra | xDai,https://p.network
546,Omm,Lending,Icon,https://omm.finance
545,ApolloDAO,Yield,Terra,https://apollo.farm
544,SoulSwap,Dexes,Fantom,https://soul.sh
543,CherrySwap,Dexes,OKExChain,https://www.cherryswap.net
542,NewDex,Dexes,EOS,https://newdex.io
541,Ref Finance,Dexes,Near,https://app.ref.finance
540,Moonswap,Dexes,Moonriver,https://swap.moonswap.in/#/swap
539,Carbon Finance,Yield,Arbitrum,https://carbonfi.io
538,Alchemist,Yield,Ethereum,https://www.alchemist.wtf
537,ArbiNYAN,Yield,Arbitrum,https://arbinyan.xyz
536,Larix,Lending,Solana,https://projectlarix.com
535,Teddy Cash,Minting,Avalanche,https://teddy.cash
534,Thales,Options,Ethereum,https://thales.market
533,OpenOcean,Dexes,Avalanche | Binance | Ethereum,https://openocean.finance
532,Twindex,Options,Binance,https://twindex.com/#/swap
531,Kuu Finance,Dexes,Avalanche,https://kuu.finance
530,Avaware,Yield,Avalanche,https://avaware.network
529,ShadeCash,Services,Fantom,https://shade.cash
528,Symmetric,Dexes,Celo | xDai,https://symmetric.finance
527,KSwap Finance,Dexes,OKExChain,https://kswap.finance
526,Zabu Finance,Yield,Avalanche,https://zabu.finance
525,Cycle Finance,Minting,Avalanche,https://www.cycle.finance
524,Ramp,Lending,Binance | Ethereum | Polygon,https://www.rampdefi.com
523,CryptoYieldFocus,Yield,Avalanche,https://www.cryptoyieldfocus.com
522,Wonderland,Reserve Currency,Avalanche | Ethereum,https://www.wonderland.money
521,Pizza,Lending,EOS,https://pizza.finance
520,Youves,Synthetics,Tezos,https://app.youves.com
519,Tezos Liquidity Baking,Yield,Tezos,https://liquidity-baking.com
518,Nuls,Chain,Nuls,https://nuls.io
517,Kolibri,Minting,Tezos,https://kolibri.finance
516,Qubit,Lending,Binance | Klaytn,https://qbt.fi
515,Wrap Protocol,Minting,Tezos,https://app.tzwrap.com
514,Orion Money,Yield,Ethereum,https://orion.money
513,QuipuSwap,Dexes,Tezos,https://quipuswap.com
512,Feeder Finance,Yield,Binance | Fantom,https://www.feeder.finance
511,Frost Finance,Yield,Avalanche,https://frostfinance.farm
510,Gaj Finance,Yield,Avalanche | Polygon,https://gaj.finance
509,Centrifuge,Yield,Ethereum,https://tinlake.centrifuge.io
508,KlaySwap,Dexes,Klaytn,https://klayswap.com/dashboard
507,DefiBox,Dexes,Binance | EOS,https://defibox.io
506,Tetu,Yield,Fantom | Polygon,http://tetu.io
505,Karura Liquid-Staking,Staking,Karura,https://acala.network/karura
504,Mento,Dexes,Celo,https://mento.finance
503,Lyra,Options,Ethereum | Optimism,https://www.lyra.finance
502,Coinwind,Yield,Binance | Ethereum | Heco,https://www.coinwind.pro
501,Robo-Vault,Yield,Fantom,https://www.robo-vault.com
500,StakeSteak,Yield,Fantom,https://stakesteak.com
499,Polycat,Dexes,Polygon,https://polycat.finance
498,Pilot Protocol,Lending,Heco,https://p.td
497,Float Protocol,Yield,Ethereum,https://floatprotocol.com
496,Orion Protocol,Dexes,Binance | Ethereum,https://www.orionprotocol.io
495,HFIone,Yield,Heco,https://hfi.one/#/en
494,JustLend,Lending,Tron,https://justlend.just.network
493,Grim Finance,Yield,Fantom,https://www.grim.finance
492,Moonpot,Yield,Binance,https://play.moonpot.com
491,Terraswap,Dexes,Terra,https://terraswap.io
490,Plenty Defi,Dexes,Tezos,https://www.plentydefi.com
489,Moola Market,Lending,Celo,https://moola.market
488,Ubeswap,Dexes,Celo,https://ubeswap.org
487,Sunny,Yield,Solana,https://sunny.ag
486,unFederalReserve,Lending,Ethereum,https://www.unfederalreserve.com
485,TendieSwap,Dexes,Binance,https://www.tendieswap.org
484,Marinade Finance,Staking,Solana,https://marinade.finance
483,NFTX,Minting,Ethereum,https://nftx.org
481,SonicSwap,Dexes,Harmony,https://sonicswap.io
480,KuSwap,Dexes,Kucoin,https://kuswap.finance
479,Shiba Fantom,Dexes,Fantom,https://shibafantom.finance
478,Yapeswap,Dexes,Ethereum,https://yape.exchange
477,SakePerp,Dexes,Binance | Ethereum,https://www.sakeperp.fi
476,Asgard Finance,Yield,Ethereum,https://www.asgarddao.finance
475,Yield Yak,Yield,Avalanche,https://yieldyak.com
474,Canary,Dexes,Avalanche,https://canary.exchange
473,Baguette,Dexes,Avalanche,https://baguette.exchange
472,Avalaunch,Dexes,Avalanche,https://avalaunch.app
471,Complus Network,Dexes,Avalanche,https://complus.exchange
470,Mensa Protocol,Lending,Fantom,https://www.mensapro.com
469,Port Finance,Lending,Solana,https://port.finance
468,Trader Joe,Dexes,Avalanche,https://www.traderjoexyz.com
467,Benqi,Lending,Avalanche,https://benqi.fi
466,Vanilla,Derivatives,Ethereum,https://vanilladefi.com
465,Lixir Finance,Yield,Ethereum,https://lixir.finance
464,Beta Finance,Lending,Avalanche | Ethereum,https://betafinance.org
463,Gro,Yield,Avalanche | Ethereum,https://www.gro.xyz
462,Augury Finance,Yield,Polygon,https://augury.finance
461,Planet Finance,Yield,Binance,https://planetfinance.io
460,Ondo Finance,Yield,Ethereum,https://ondo.finance
459,Multiplier,Lending,Binance | Ethereum,https://multiplier.finance
458,Solend,Lending,Solana,https://solend.fi
457,Fuji DAO,Lending,Ethereum | Fantom,https://www.fujidao.org
456,Telcoin,Payments,Polygon,https://www.telx.network
455,ZooCoin,Dexes,Fantom,https://zoocoin.cash
454,Back Finance,Yield,Heco,https://back.finance
453,Wild Credit,Lending,Ethereum,https://wild.credit
452,Karura Dollar (kUSD),Lending,Karura,https://acala.network/karura
451,Karura Swap,Dexes,Karura,https://acala.network/karura
450,Scream,Lending,Fantom,https://scream.sh/
449,QiDao,Lending,Avalanche | Fantom | Harmony | Moonriver | Polygon,https://app.mai.finance
448,Balanced,Dexes,Icon,https://balanced.network
447,Illuvium,Yield,Ethereum,https://illuvium.io
446,MiningTycoon,Minting,Heco,https://nextype.finance
445,CobraSwap,Dexes,Binance,https://cobra.exchange
444,PolyDEX-Cryption Network,Dexes,Polygon,https://www.polydex.org
443,Kogefarm,Yield,Fantom | Moonriver | Polygon,https://kogefarm.io
442,Universe XYZ,Yield,Ethereum,https://universe.xyz
441,Pylon Protocol,Yield,Terra,https://www.pylon.money
440,LoTerra,Others,Terra,https://loterra.io
439,The Grand Banks,Yield,Binance | Moonriver | Polygon,https://www.thegrandbanks.finance
438,Tokemak,Yield,Ethereum,https://www.tokemak.xyz
437,Guard(Helmet),Insurance,Binance | Polygon,https://www.guard.insure
436,WitSwap,Oracle,Ethereum,https://witswap.com/
435,Hop Protocol,Dexes,Arbitrum | Ethereum | Optimism | Polygon | xDai,https://hop.exchange
434,Tarot,Yield,Fantom,https://www.tarot.to
433,DAOventures,Yield,Ethereum,https://www.daoventures.co
432,Longdrink,Indexes,Binance,https://longdrink.finance
431,SUN.io,Dexes,Tron,https://sun.io
430,Acumen,Lending,Solana,https://acumen.network
429,BambooDeFi,Yield,Binance | Ethereum,https://www.bamboodefi.com
428,DinoSwap,Dexes,Polygon,https://dinoswap.exchange
427,Origin Dollar,Algo-Stables,Ethereum,https://www.ousd.com
426,Mint Club,Minting,Binance,https://mint.club
425,Tranchess,Yield,Binance,https://tranchess.com
424,SafeDollar,Yield,Polygon,https://www.safedollar.fi
423,Deri Protocol,Minting,Binance | Polygon,https://deri.finance
421,Paint Swap,Dexes,Fantom,https://paintswap.finance
420,Elk,Dexes,Avalanche | Binance | Cronos | Elastos | Fantom | Fuse | Harmony | Heco | Hoo | IoTeX | Kucoin | Moonriver | OKExChain | Polygon | xDai,https://elk.finance
419,Saber,Dexes,Solana,https://saber.so
418,MoonFarm,Yield,Binance | Ethereum | Polygon,https://moonfarm.finance
417,Solyard,Yield,Solana,https://solyard.finance
416,WeStarter,IDO,Heco,https://www.westarter.org
415,NAOS Finance,Lending,Binance | Ethereum,https://naos.finance
414,TreeDefi,Yield,Binance,https://treedefi.com
413,Spectrum Protocol,Yield,Terra,https://spec.finance
412,Thorchain,Dexes,Thorchain,https://thorchain.org/
411,Pippi,Dexes,Heco,https://app.pippi.finance
410,Swamp Finance,Yield,Binance,https://swamp.finance
409,CafeSwap,Dexes,Binance | Polygon,https://cafeswap.finance
408,JetFuel Finance,Yield,Binance,https://jetfuel.finance
407,Mars Poolin,Yield,Ethereum,https://mars.poolin.fi
406,Element Finance,Yield,Ethereum,https://www.element.fi
405,Tokenlon,Dexes,Ethereum,https://tokenlon.im
404,BXH,Yield,Heco,https://bxh.com
403,Liquid Driver,Yield,Fantom,https://www.liquiddriver.finance
402,Hunny Finance,Yield,Binance,https://hunny.finance
401,ApeRocket,Yield,Binance,https://aperocket.finance
400,Amun Tokens,Indexes,Ethereum | Polygon,https://tokens.amun.com
399,Geyser,Yield,Ethereum | Polygon,https://www.gysr.io
398,ApeSwap,Dexes,Binance | Polygon,https://apeswap.finance
397,ShibaSwap,Dexes,Ethereum,https://shibaswap.com
396,Polydex,Dexes,Polygon,https://www.polydex.fi
395,Waka Finance,Dexes,Fantom,https://waka.finance
394,Reaper Farm,Yield,Fantom,https://www.reaper.farm
393,APY Finance,Yield,Ethereum,https://apy.finance
392,WardenSwap,Dexes,Binance,https://www.wardenswap.com
391,PantherSwap,Yield,Binance,https://pantherswap.com/
390,Qilin,Dexes,Ethereum,https://qilin.fi/
389,Adamant Finance,Yield,Arbitrum | Cronos | Polygon,https://adamant.finance
388,NowSwap,Dexes,Ethereum,https://nowswap.org
387,Bearn,Yield,Binance,https://www.bearn.fi/
386,PolyQuity,Minting,Polygon,https://polyquity.org
385,Mercurial Finance,Dexes,Solana,https://mercurial.finance/
384,Firebird,Dexes,Polygon,https://app.firebird.finance/one-pool
383,Osmosis,Dexes,Osmosis,https://osmosis.zone/
382,Pendle,Yield,Avalanche | Ethereum,https://pendle.finance/
381,Premia,Options,Arbitrum | Binance | Ethereum,https://premia.finance/
380,LendHub,Lending,Heco,https://www.lendhub.org
379,Cardstarter,Launchpad,Ethereum,https://www.cardstarter.io/
378,MakiSwap,Dexes,Heco,https://makiswap.com
377,Ethernity Chain,Yield,Ethereum,https://ethernity.io/
376,Tomb Finance,Yield,Fantom,https://tomb.finance/
375,Nerve Network,Dexes,Nuls,https://nerve.network/
374,Kine Finance,Yield,Binance | Ethereum | Polygon,https://kine.finance/
373,BiSwap,Dexes,Binance,https://biswap.org/
372,Rabbit Finance,Lending,Binance,https://www.rabbitfinance.io/earn
371,KokomoSwap,Dexes,Binance,https://kokomoswap.io/#/
370,Merlin,Yield,Binance,https://www.merlinlab.com/farm
369,YFDAI,Others,Ethereum,https://yfdai.finance/
368,Channels Finance,Lending,Arbitrum | Binance | Heco,https://channels.finance
367,PinkSwap,Dexes,Binance,https://www.pinkswap.finance/
366,DFX Finance,Dexes,Ethereum | Polygon,https://app.dfx.finance
365,Charm Finance,Yield,Ethereum,https://charm.fi/
364,Volmex,Yield,Arbitrum | Ethereum | Polygon,https://volmex.finance/
363,xDollar,Minting,IoTeX,https://www.xdollar.fi/
362,Perpetual Protocol,Derivatives,Ethereum | Optimism | xDai,https://perp.exchange/
361,Whiteheart,Options,Ethereum,https://www.whiteheart.finance/
359,Frax,Minting,Ethereum | Fantom,https://frax.finance/
358,Parrot Protocol,Minting,Solana,https://parrot.fi
356,Dopple Finance,Algo-Stables,Binance | Fantom | Harmony,https://dopple.finance/
355,Gamma,Yield,Ethereum,https://www.gammastrategies.org
354,InsurAce,Insurance,Avalanche | Binance | Ethereum | Polygon,https://www.insurace.io
353,Armor,Insurance,Ethereum,https://armor.fi/
352,Iron Finance,Algo-Stables,Avalanche | Fantom | Polygon,https://iron.finance/
351,Gravity Finance,Dexes,Polygon,https://gravityfinance.io/
350,CVI Finance,Synthetics,Arbitrum | Ethereum | Polygon,https://cvi.finance/
349,Injective Protocol,Synthetics,Ethereum,https://injectiveprotocol.com/
348,FilDA,Lending,Binance | Heco | IoTeX | Polygon,https://filda.io/
347,Abracadabra,Lending,Arbitrum | Avalanche | Ethereum | Fantom,https://abracadabra.money/
346,Yieldly,Yield,Algorand,https://yieldly.finance/
345,Alpaca Finance,Yield,Binance,https://www.alpacafinance.org/
344,ZKSwap,Chain,Ethereum,https://zks.org/en
343,Impermax Finance,Yield,Arbitrum | Avalanche | Ethereum | Moonriver | Polygon,https://impermax.finance/
342,CompliFi,Dexes,Ethereum | Polygon,https://compli.fi/
341,Nsure,Insurance,Ethereum,https://nsure.network/
340,Olympus DAO,Reserve Currency,Ethereum,https://olympusdao.finance/
339,Lien,Options,Ethereum,https://lien.finance/
338,Inverse Finance,Lending,Ethereum,https://inverse.finance/
337,GMX,Dexes,Arbitrum | Avalanche,https://gmx.io/
336,Sifchain,Dexes,Sifchain,https://sifchain.finance/
335,Flashstake,Yield,Ethereum,https://flashstake.io/
334,MDEX,Dexes,Binance | Heco,https://mdex.com/
333,O3 Swap,Dexes,Arbitrum | Avalanche | Binance | Ethereum | Heco | OKExChain | Polygon,https://o3swap.com/
332,Bao Finance,Yield,Ethereum | xDai,https://www.bao.finance/
331,MoneyOnChain,Minting,RSK,https://moneyonchain.com/
330,Aquarius,Minting,Fantom,https://aquarius.fi/
329,Sovryn,Dexes,RSK,https://www.sovryn.app/
328,SteakBank Finance,Staking,Binance,https://steakbank.finance/
327,YouSwap,Dexes,Binance | Ethereum | Heco,https://www.youswap.com/
326,Beefy Finance,Yield Aggregator,Arbitrum | Aurora | Avalanche | Binance | Celo | Cronos | Fantom | Fuse | Harmony | Heco | Metis | Moonriver | Polygon,https://app.beefy.finance
325,MochiSwap,Dexes,Binance | Harmony,https://mochiswap.io
324,Unicly,Dexes,Ethereum,https://app.unic.ly
323,Fluity,Minting,Binance,https://fluity.finance/
322,Yogi Finance,Dexes,Binance | Polygon,https://yogi.fi
321,Ram Protocol,Lending,ThunderCore,https://rammer.finance/#/
320,Depth,Dexes,Binance | Heco,https://depth.fi/
319,Convex Finance,Yield,Ethereum,https://www.convexfinance.com/
318,Dfyn Network,Dexes,Fantom | OKExChain | Polygon,https://www.dfyn.network/
317,HyperSwap,Dexes,Fantom,https://hyperjump.fi/home-ftm.html
316,SecretSwap,Dexes,Secret,https://www.secretswap.io/
315,Tulip Protocol,Yield,Solana,https://tulip.garden/
314,Gondola Finance,Dexes,Avalanche,https://gondola.finance/
313,ViperSwap,Dexes,Harmony,https://viper.exchange
312,Stacker Ventures,Yield,Ethereum,https://stacker.vc/
311,SpiritSwap,Dexes,Fantom,https://app.spiritswap.finance/#/
310,Belt Finance,Yield,Binance | Heco,https://belt.fi/
309,Wheat Protocol,Yield,Binance,https://wheat.growthdefi.com/
308,Ruler,Lending,Ethereum,https://rulerprotocol.com/
307,Wault,Yield,Binance | Polygon,https://wault.finance/
306,Quickswap,Dexes,Polygon,https://quickswap.exchange/
304,Flamingo Finance,Dexes,NEO,https://flamingo.finance/
303,ZilSwap,Dexes,Zilliqa,https://zilswap.io/swap
302,SpookySwap,Dexes,Fantom,https://spookyswap.finance/
301,Nerve,Dexes,Binance,https://nerve.fi
300,BondAppetit,Lending,Ethereum,https://bondappetit.io/
299,Levinswap,Dexes,xDai,https://levinswap.org/
298,Hyper Finance,Yield,Binance,https://hyfi.pro
296,Zookeeper,Yield,Wanchain,https://www.zookeeper.finance/
295,Stacks Staking,Chain,Stacks,https://stacks.co
294,Anchor,Lending,Terra,https://anchorprotocol.com/
293,Lydia,Dexes,Avalanche,https://www.lydia.finance/
292,Swapr,Dexes,Arbitrum | Ethereum | xDai,https://swapr.eth.link/#/swap
291,Integral,Dexes,Ethereum,https://integral.link/
290,Penguin Finance,Yield,Avalanche,https://penguinfinance.org/
289,YetiSwap,Dexes,Avalanche,https://www.yetiswap.app/
287,0.exchange,Dexes,Avalanche,https://www.0.exchange/
286,Mango Markets,Lending,Solana,https://mango.markets
285,Opyn,Options,Avalanche | Ethereum,https://www.opyn.co/
284,Serum Swap,Dexes,Solana,https://swap.projectserum.com/
283,Orca,Dexes,Solana,https://www.orca.so
282,Yam Finance,DAO,Ethereum,https://yam.finance/
281,Ribbon Finance,Options,Avalanche | Ethereum,https://www.ribbon.finance/
280,Oxygen,Lending,Solana,https://www.oxygen.org/
279,StakeHound,Staking,Ethereum,https://stakehound.com/
278,Ankr,Staking,Ethereum,https://www.ankr.com/
277,StakeWise,Staking,Ethereum,https://stakewise.io/
276,Stafi,Staking,Binance | Cosmos | Ethereum | Kusama | Polkadot | Polygon | Solana,https://www.stafi.io/
275,SharedStake,Staking,Ethereum,https://www.sharedstake.org/
274,Olive Cash,Yield,Avalanche | Binance | Fantom,https://avax.olive.cash
273,ACoconut,Yield,Binance | Ethereum,http://acoconut.fi/
272,Cryptex,Indexes,Ethereum,https://cryptex.finance/
271,Honeyswap,Dexes,Polygon | xDai,https://honeyswap.org/
270,Liquity,Minting,Ethereum,https://www.liquity.org/
269,YFII,Dexes,Ethereum,https://dfi.money/
268,UniTrade,Dexes,Ethereum,https://unitrade.app/
267,S Finance,Dexes,Ethereum,https://s.finance/
266,Set Protocol,Indexes,Ethereum,https://www.tokensets.com/
265,Reflexer,Algo-Stables,Ethereum,https://reflexer.finance/
264,Robo-Advisor for Yield,Yield,Ethereum,https://staked.us/v/robo-advisor-yield/
263,QIAN,Synthetics,Ethereum,https://qian.finance/
262,Primitive,Options,Ethereum,https://primitive.finance/
261,Cometh,Dexes,Polygon,https://www.cometh.io/
260,Mirror,Derivatives,Ethereum | Terra,https://mirror.finance/
259,Snowball,Yield,Avalanche,https://snowball.network
258,Wasabix,Yield,Binance | Ethereum | Polygon,https://wasabix.finance/#/app
257,XDeFi,Dexes,Ethereum,https://xdefi.com/
256,Allinx,Yield,Binance,https://allinx.io
255,Fei Protocol,Algo-Stables,Ethereum,https://fei.money/
254,Bunny,Yield,Binance | Polygon,https://pancakebunny.finance/
253,BiFi,Lending,Avalanche | Binance | Bitcoin | Ethereum | Klaytn,https://bifi.finance/
252,Secret Bridge,Bridge,Secret,https://scrt.network/
251,Mimo Defi,Lending,Ethereum | Fantom | Polygon,https://mimo.capital
250,BasketDAO,Indexes,Ethereum,https://basketdao.org/
249,StakeDAO,Yield,Avalanche | Binance | Ethereum | Harmony | Polygon,https://stakedao.org/
248,ForceDAO,Yield,Ethereum,https://forcedao.com/
247,Jarvis Network,Derivatives,Binance | Ethereum | Polygon | xDai,https://jarvis.network/
246,Pangolin,Dexes,Avalanche,https://pangolin.exchange
245,Secret Network,Chain,Secret,https://scrt.network/
244,WePiggy,Lending,Arbitrum | Binance | Ethereum | Harmony | Heco | Moonriver | OKExChain | Optimism | Polygon,https://www.wepiggy.com/
243,Flamincome,Yield Aggregator,Ethereum,https://flamincome.finance
242,Energiswap,Dexes,Energi,https://www.energiswap.org
241,PowerPool,Indexes,Binance | Ethereum,https://powerpool.finance/
240,Polygon Bridge & Staking,Chain,Polygon,https://polygon.technology/
239,PoolTogether,Services,Avalanche | Binance | Celo | Ethereum | Polygon,https://pooltogether.com/
238,Ellipsis Finance,Dexes,Binance,https://ellipsis.finance/
237,Swipe,Dexes,Binance | Ethereum,https://swap.swipe.org
236,Perlin,Dexes,Ethereum,https://perlinx.finance/
235,PEAKDEFI,Services,Binance | Ethereum,https://www.peakdefi.com/
234,Notional,Lending,Ethereum,https://notional.finance/
233,Metronome,Services,Ethereum,https://metronome.io/
232,MCDEX,Dexes,Arbitrum | Binance | Ethereum,https://mcdex.io/
231,Lightning Network,Payments,Bitcoin,https://lightning.network/
230,IDEX,Dexes,Ethereum | Polygon,https://idex.io/
229,Gnosis,Dexes,Ethereum,https://gnosis.io/
228,FutureSwap,Dexes,Ethereum,https://www.futureswap.com/
227,CreamSwap,Dexes,Ethereum,https://app.cream.finance/swap
226,Erasure,Derivatives,Ethereum,https://erasure.world/
225,Enzyme Finance,Indexes,Ethereum,https://enzyme.finance/
224,Domani Protocol,Yield,Ethereum,https://domani.finance/
223,DerivaDEX,Derivatives,Ethereum,http://derivadex.com
222,DeFiner,Lending,Ethereum | OKExChain,https://definer.org/
221,Defi Swap,Dexes,Ethereum,https://crypto.com/defi/swap
220,Vesper,Yield,Ethereum,https://vesper.finance/
219,DDEX,Dexes,Ethereum,https://ddex.io/
218,cVault Finance,Yield,Ethereum,https://cvault.finance/
217,Connext,Bridge,Arbitrum | Avalanche | Binance | Ethereum | Fantom | Fuse | Moonbeam | Moonriver | Optimism | Polygon | xDai,https://connext.network/
216,Auctus,Options,Ethereum,https://auctus.org/
215,Strudel Finance,Bridge,Ethereum,https://strudel.finance
214,Raydium,Dexes,Solana,https://raydium.io
213,OnX Finance,Yield Aggregator,Ethereum,https://onx.finance
212,Venus,Lending,Binance,https://venus.io/
211,Smoothy,Dexes,Ethereum,https://smoothy.finance/
210,yAxis,Yield Aggregator,Ethereum,https://www.yaxis.io
209,Autofarm,Yield Aggregator,Aurora | Avalanche | Binance | Boba | Celo | Cronos | Fantom | Harmony | Heco | Moonriver | OKExChain | Polygon | Velas | xDai,https://autofarm.network/
208,ACryptoS,Yield Aggregator,Binance,https://app.acryptos.com/
207,Unslashed,Insurance,Ethereum,https://unslashed.finance/
206,xToken,Yield,Ethereum,https://xtoken.market/
205,Goose Finance,Yield,Binance,https://www.goosedefi.com/
204,Alchemix,Synthetics,Ethereum,https://alchemix.fi/
203,Siren,Options,Ethereum | Polygon,https://sirenmarkets.com/
202,Saddle Finance,Dexes,Arbitrum | Ethereum | Fantom | Optimism,https://saddle.finance/
200,Bella Protocol,Yield,Ethereum,https://fs.bella.fi/
199,Sablier Finance,Payments,Ethereum,https://sablier.finance/
197,Ooki,Lending,Ethereum,https://hello.ooki.com
195,DefiDollar DAO,Algo-Stables,Ethereum,https://dusd.finance/
194,PancakeSwap,Dexes,Binance,https://pancakeswap.finance/
193,Unit Protocol,Algo-Stables,Ethereum,https://app.unit.xyz/
192,Governor DAO,Yield,Ethereum,https://governordao.org/
191,Opium,Options,Binance | Ethereum | Polygon,https://www.opium.network/
190,dHEDGE,Indexes,Ethereum | Optimism | Polygon,https://www.dhedge.org/
189,1inch Network,Dexes,Ethereum,https://1inch.io
188,Indexed Finance,Indexes,Ethereum,https://indexed.finance/
187,Unagii,Yield,Ethereum,https://www.unagii.com/
186,WanSwap Dex,Dexes,Wanchain,https://wanswap.finance/
183,Wing Finance,Lending,Binance | Ethereum | OKExChain | Ontology,https://wing.finance
182,Lido,Staking,Ethereum | Solana | Terra,https://lido.fi/
181,MANTRA DAO,Lending,Binance | Ethereum | Polygon,https://mantradao.com
179,Varen,Dexes,Ethereum,https://varen.finance
177,DefiSaver,Services,Ethereum,https://defisaver.com/
176,Mushrooms Finance,Yield,Binance | Ethereum | Fantom | Polygon,https://www.mushrooms.finance/
175,N3RD Finance,Yield,Ethereum,https://n3rd.finance/
174,BT.Finance,Yield Aggregator,Ethereum,https://bt.finance/
173,Badger DAO,Bridge,Arbitrum | Binance | Ethereum,https://badger.finance/
172,Index Coop,Indexes,Ethereum,https://www.indexcoop.com/
171,SynLev,Synthetics,Ethereum,https://synlev.com/
170,FinNexus,Options,Binance | Ethereum | Wanchain,https://finnexus.io/
169,Basis Cash,Algo-Stables,Ethereum,https://basis.cash/
168,Dev Protocol,Farm,Ethereum,https://devprtcl.com/
167,PieDAO,Indexes,Ethereum,https://www.piedao.org/
166,TrueFi,Lending,Ethereum,https://truefi.io/
165,Cover Protocol,Insurance,Ethereum,https://www.coverprotocol.com/
164,ValueDefi,Yield,Binance | Ethereum,https://valuedefi.io/
163,ForTube,Lending,Binance | Ethereum | OKExChain,https://for.tube/
162,Bancor,Dexes,Ethereum,https://app.bancor.network/
161,BoringDAO,Bridge,Ethereum,https://www.boringdao.com/
160,Alpha Finance,Yield Aggregator,Avalanche | Binance | Ethereum,https://alphafinance.io/
159,Growth DeFi,Yield,Avalanche | Binance | Ethereum,https://growthdefi.com/
158,Dracula,Yield Aggregator,Ethereum,https://dracula.sucks/
157,88mph,Lending,Avalanche | Ethereum | Fantom | Polygon,https://88mph.app/
156,zLot,Staking,Ethereum,https://zlot.finance/
155,KeeperDAO,Dexes,Ethereum,https://keeperdao.com/
153,CoFiX,Dexes,Ethereum,https://cofix.io
152,Augur,Dexes,Ethereum,https://www.augur.net/
151,DeversiFi,Dexes,Ethereum,https://www.deversifi.com/
150,Idle Finance,Yield Aggregator,Ethereum | Polygon,https://idle.finance
149,B.Protocol,Lending,Arbitrum | Ethereum | Fantom,https://www.bprotocol.org/
148,Tornado Cash,Privacy,Ethereum,https://tornado.cash/
146,DODO,Dexes,Arbitrum | Aurora | Binance | Ethereum | Polygon,https://dodoex.io/
145,Serum,Dexes,Solana,https://projectserum.com/
144,dYdX,Derivatives,Ethereum,https://dydx.exchange/
143,Flexa,Payments,Ethereum,https://amptoken.org/
142,Swerve,Dexes,Ethereum,https://swerve.fi/
141,UMA Protocol,Synthetics,Ethereum | Polygon,https://umaproject.org/
140,Kava Lend,Lending,Kava,https://kava.io/lend
139,SnowSwap,Dexes,Ethereum | Polygon,https://snowswap.org/
138,Hakka Finance,Derivatives,Ethereum,https://hakka.finance/
137,Bepswap,Dexes,Binance,https://thorchain.org/
136,Rari Capital,Yield Aggregator,Ethereum,https://rari.capital/
135,Kava,Lending,Kava,https://www.kava.io/
134,Pickle,Yield Aggregator,Arbitrum | Aurora | Cronos | Ethereum | Harmony | Metis | Moonbeam | Moonriver | OKExChain | Optimism | Polygon,https://pickle.finance/
133,Shell Protocol,Dexes,Ethereum,https://www.shellprotocol.io/
132,hBTC,Cross Chain,Ethereum,https://www.hbtc.finance/ 
131,BarnBridge,Yield Aggregator,Avalanche | Ethereum | Polygon,https://barnbridge.com/
130,imToken,Services,Ethereum,https://token.im/
129,xDAI Stake Bridge,Chain,Ethereum,https://xdaichain.com/ 
128,Hegic,Options,Ethereum,https://www.hegic.co/ 
127,Kyber,Dexes,Avalanche | Binance | Cronos | Ethereum | Fantom | Polygon,https://kyber.network/
126,Loopring,Dexes,Ethereum,https://loopring.org/#/
125,mStable,Algo-Stables,Ethereum | Polygon,https://mstable.org/
124,KEEP Network,Bridge,Ethereum,https://tbtc.network/
123,dForce,Lending,Arbitrum | Binance | Ethereum | Optimism,https://dforce.network/
122,Nexus Mutual,Insurance,Ethereum,https://nexusmutual.io/
121,CREAM Finance,Lending,Binance | Ethereum | Polygon,https://cream.finance/
120,Instadapp,Services,Ethereum,https://instadapp.io/
119,SushiSwap,Dexes,Arbitrum | Avalanche | Binance | Celo | Ethereum | Fantom | Fuse | Harmony | Heco | Moonriver | OKExChain | Palm | Polygon | Telos | xDai,https://sushi.com/
118,MakerDAO,Algo-Stables,Ethereum,https://makerdao.com/
117,RenVM,Assets,Arbitrum | Avalanche | Binance | Ethereum | Fantom | Polygon | Solana,https://renproject.io/
116,Balancer,Dexes,Arbitrum | Ethereum | Polygon,https://balancer.finance/
115,Synthetix,Derivatives,Ethereum | Optimism,https://synthetix.io
114,Compound,Lending,Ethereum,https://compound.finance
113,Yearn Finance,Yield Aggregator,Ethereum | Fantom,https://yearn.finance/
112,Harvest Finance,Yield Aggregator,Binance | Ethereum | Polygon,https://harvest.finance/
111,AAVE,Lending,Avalanche | Ethereum | Polygon,https://aave.com

3,Curve,Dexes,Arbitrum | Avalanche | Ethereum | Fantom | Harmony | Optimism | Polygon | xDai,https://curve.fi
2,WBTC,Cross Chain,Ethereum,https://wbtc.network/
1,Uniswap,Dexes,Arbitrum | Ethereum | Optimism | Polygon,https://info.uniswap.org/